timestamp,mcp angle,pip angle,dip angle
1638639900.053265,30.044019776970103,16.874166653782357,4.065899969474957
1638639900.104125,30.24275020178869,16.90456245503569,5.131241607180571
1638639900.166253,29.861518968560983,16.800010944553183,4.258537409979268
1638639900.211215,30.57583090374248,17.090059141937335,4.463044224614027
1638639900.257218,30.27828638847882,16.910309555191983,3.889202864692944
1638639900.310074,31.179366087967445,16.695792152189753,3.623341467045056
1638639900.35296,31.25804759964021,15.901133248039118,2.7975514891870548
1638639900.399423,31.62710099676367,15.919145943899768,3.0127855946222746
1638639900.449314,32.14315109907366,16.54003435023128,3.4386112883699678
1638639900.498009,31.71043407567246,16.695408531861563,3.4094475452601687
1638639900.538708,32.570054631002925,15.366673608060063,3.1970142614648127
1638639900.586041,32.49848553281618,15.431662749087668,2.93910576869307
1638639900.63339,33.190697920570734,15.945564832898029,2.6952613961501073
1638639900.679358,32.92298602497204,16.854566149246914,2.9383479728155715
1638639900.725262,33.29225920314539,16.624443630808575,3.2652455336049013
1638639900.771485,33.14708510534237,16.633854395814502,2.119514299136597
1638639900.818764,34.519675966578916,15.937644979673738,2.2525883058619818
1638639900.8656,33.70351841864895,16.133252842576805,2.560157539117628
1638639900.913253,35.52838042889745,15.723563969834304,1.9334530690924225
1638639900.959589,34.05100809753872,16.20131446920756,1.8503730932951532
1638639901.006984,33.56003186764435,15.931699740901418,2.8059507996160145
1638639901.051876,33.68697278281124,14.942404117000857,2.3433747065227974
1638639901.113835,33.69127962799244,16.375227571833157,2.7023922464498433
1638639901.171614,33.89200982860751,15.450123581233582,1.7800613143425261
1638639901.221011,33.05301022401703,16.822424058611077,2.7379972996261692
1638639901.272989,33.319516663475476,16.43253034502514,2.367828058833097
1638639901.317567,33.79291582333929,16.281341080278118,2.801971213091026
1638639901.361578,32.88170283859888,15.674888556190156,2.701592615119319
1638639901.409342,33.59322378864024,16.930483462682034,3.042291806883814
1638639901.455796,33.51647994056029,15.786909210271961,2.048274819333757
1638639901.503572,34.085254863952784,15.965831231230787,2.4227099485656955
1638639901.551195,33.381701352312476,16.012747798308055,2.0523215149498557
1638639901.598723,33.90288283486739,16.369397536736766,2.434696061974682
1638639901.645275,33.76570224547647,16.072206606477103,2.1361495149932677
1638639901.690638,33.83541134307813,15.445050823559185,2.546400841765707
1638639901.738386,33.92446725729596,15.508831534959597,2.088761347356479
1638639901.784401,33.767088429625126,16.478481416979424,2.19648622487433
1638639901.831818,34.18831424151394,15.85320937990275,2.6451765202282917
1638639901.877027,34.26816845271606,15.582428751999016,2.630599432884786
1638639901.924957,34.34177008952618,15.438000833103173,2.290854550594886
1638639901.970983,32.62151229110758,16.22568004114152,2.3698159266849874
1638639902.023613,33.47295371413596,15.749201128680088,2.7855243985003377
1638639902.066026,32.61639965576356,17.08053057770189,3.531775365794169
1638639902.111885,33.10891082046577,16.082863466498196,2.3079087480600005
1638639902.185301,33.95909663033977,15.797545392277856,2.1959031914622207
1638639902.255212,32.64819849355933,16.542971601414724,2.9433231469034515
1638639902.298107,33.408074019535384,16.29807390971803,2.551915644890561
1638639902.342756,33.5650492874937,16.161705949226583,2.4511267244252726
1638639902.389194,32.88439811072338,15.825809928771765,2.68179377845728
1638639902.438295,33.91711339448471,16.25634641918204,3.2858928239913916
1638639902.482159,33.9752371756057,16.294267717800203,2.643477239371343
1638639902.529393,33.643729702705755,16.65674441304572,2.5644366453298564
1638639902.576807,33.50633051375715,16.484998481023833,2.4257346257962205
1638639902.627841,33.471554671888484,16.30037422455646,2.436465053619581
1638639902.671047,33.887484057678165,15.794181594368881,2.6813413411649125
1638639902.716715,33.61958048692557,15.828745812200273,2.954259832945951
1638639902.766701,33.71983187377383,16.006336007297154,3.170420335880666
1638639902.810103,33.89084469029573,16.40050118320274,2.5855152214905295
1638639902.860849,33.530174730025905,16.25633571331958,2.98972898630299
1638639902.904977,33.30565097320868,16.216291678171547,2.781342175814748
1638639902.952691,34.14402673469487,16.151772726085987,2.6838858268095604
1638639902.998629,33.5876626668561,16.562773757648404,1.937003971324046
1638639903.043338,33.23844404550864,15.71239311595594,3.011021238667754
1638639903.090566,34.15692148254325,15.824553614914498,2.8619623642837633
1638639903.134664,33.56936413007784,15.80974955990302,2.342547238903829
1638639903.181371,32.95054873359766,16.40523198637497,3.0111651802607007
1638639903.229484,33.56294934275672,15.90084515666571,2.7677821015077235
1638639903.274012,33.34856576953173,16.46372784555938,2.8812501664552816
1638639903.319156,33.42143622768203,16.34748972403325,2.827616245703767
1638639903.376816,33.65959050351994,15.638018889641227,2.8422515255018013
1638639903.432701,33.44125133644591,15.532653481501887,2.304506956764716
1638639903.479573,33.01055929018782,16.35623835575689,2.872109000436577
1638639903.528445,33.4172185121396,16.533130642392056,3.146522521073546
1638639903.575287,34.33234451513759,15.23321854473677,2.051860501431599
1638639903.624196,33.585221919440144,15.196598908005877,2.796394956426445
1638639903.671031,33.756259154204415,15.85833468242368,1.935525607024091
1638639903.714753,32.981415982454934,16.17940774462221,2.6127976772173334
1638639903.763198,32.26945676726028,16.398519938530907,2.7577497179309987
1638639903.807192,33.4005418812672,15.868096372164736,2.6766403762657944
1638639903.855011,33.266746186183994,15.96698318302139,2.7494190375073715
1638639903.911888,33.24227635897431,16.268192344105127,3.251595276962227
1638639903.963869,33.19133436483883,15.679118212625742,2.2986802116348195
1638639904.011867,32.07390245347287,16.740097106593634,3.652200890720448
1638639904.057476,32.57175619944109,16.515695512466838,3.1668889300543706
1638639904.10258,33.113536891552435,16.223266090910602,2.999870680872454
1638639904.150419,33.04381187198748,16.596997553839905,2.472173267353822
1638639904.196324,33.037217041967025,16.462862741477913,3.130943649945421
1638639904.242579,33.500919623056404,16.334197004457256,3.3691695829753394
1638639904.289288,32.66616657998498,15.973112874505832,2.230757567576367
1638639904.338949,33.66241166723484,16.257447115811704,2.648299419937469
1638639904.385632,33.393583914794746,15.795453678164339,2.276142152711374
1638639904.430091,32.977636991183346,15.364184921986366,2.8092214036470327
1638639904.479404,33.0144470605281,16.972262749319825,3.384655690786092
1638639904.52352,33.045320633028,16.347553558114846,3.1277518565764693
1638639904.569954,33.85086282065845,16.497322645583193,3.4146658944861548
1638639904.61685,32.5636526583239,16.759528214148766,3.2192107353681974
1638639904.66434,32.632940361696996,15.885986354956602,2.738386780277278
1638639904.709567,32.65325620905614,15.636708867761117,2.566774157389674
1638639904.757458,33.78900594519783,15.09615888328263,2.3390795752423634
1638639904.805205,33.240181885327175,15.952069959158663,3.027322420647615
1638639904.851209,33.12391628418102,15.843305473601134,2.776848519878902
1638639904.899461,33.79218149530623,16.498585044130838,2.971954670690143
1638639904.94468,32.29080414887228,16.8686714689939,3.137801959098222
1638639904.997716,33.070162213064066,17.16097286934068,3.2137580933107985
1638639905.04014,33.066381424787544,16.024200574953664,2.6562204403116008
1638639905.087924,32.44410226328507,15.745897901242271,2.7871711713997085
1638639905.133102,33.85654384311876,16.54685613996293,3.649870865708086
1638639905.180346,33.2236618284958,15.346203883149887,2.873045458454216
1638639905.226685,32.87244051897743,16.520230204506447,3.582436992321825
1638639905.274472,32.41003478248843,16.70729819251333,3.3966478019713238
1638639905.32271,31.74777934438471,16.636844293573013,3.5882894829965353
1638639905.369171,32.10596142807901,16.757373117217607,3.433030988551595
1638639905.415783,32.85914223164309,16.463051727551736,3.6981324328846243
1638639905.461847,33.67595907973112,16.487724616568727,3.538769180916241
1638639905.510015,33.32713890283591,15.259520511474852,2.8346560152897022
1638639905.555128,34.20027868342455,15.558157001041742,3.2890092951766774
1638639905.603332,32.91275582438862,15.990698667293318,3.0365089019781895
1638639905.649326,33.28608619343943,15.597477843819792,2.9658420217990358
1638639905.694162,32.68076695076512,15.811195014424179,2.3713851729533193
1638639905.74454,32.71218974937302,15.476346394947877,2.621760177736059
1638639905.81222,32.675725948693604,15.450976448470236,2.436371537081336
1638639905.85105,32.620310093865605,16.81732441831538,2.7625416494650095
1638639905.906058,33.75373318680245,15.861909431748126,3.018133030724825
1638639905.955569,32.427707470521426,17.219944127441195,3.400355345635549
1638639906.007338,32.41061272004105,16.5141086992186,3.475398744489392
1638639906.054711,32.972100870363214,17.035626365746356,2.9459695590195234
1638639906.103648,32.43311915267062,16.35656292172937,3.3618346492728026
1638639906.147007,32.50588283731287,17.09841580861238,3.505688931592479
1638639906.19502,33.00551766564252,16.538527159900603,3.1964904207865117
1638639906.244425,33.05023971793061,17.01810646933739,2.4679071404440838
1638639906.28929,34.06713390954252,15.982415112102494,2.7449210924998706
1638639906.339686,32.4014750964692,15.971312358502008,3.270565103279423
1638639906.385797,32.96804838318019,15.5651503154465,2.3347882714112393
1638639906.430644,31.72213635046669,16.517437492245268,3.6152021664592637
1638639906.475333,32.95469103751429,15.820591820818635,3.013287866313153
1638639906.522076,32.984161858661295,16.46909856151352,2.5304497812586986
1638639906.569775,32.65644264760674,15.557647574666031,2.639971283601463
1638639906.616192,32.789552825511485,15.968363951990872,2.842056591955608
1638639906.661016,33.176221189837534,15.205319671469475,3.023404561941668
1638639906.712936,32.93710924042809,16.291999346351375,2.7933572980047003
1638639906.756428,33.83743764208928,16.11874471682979,2.7802431462240884
1638639906.800912,32.65919958940518,16.463282162656224,2.660540197525501
1638639906.849525,33.77415911398352,16.968652712213338,3.2631247233781027
1638639906.894903,33.47663264620934,16.84015966765402,3.0138801067155154
1638639906.941783,33.1466942536548,18.33743355108381,3.6328141145953823
1638639906.989775,33.51873670015674,18.404791773164032,4.046686367020153
1638639907.03412,34.51319664206474,22.22949364982248,4.984355418643563
1638639907.081852,35.20774458343596,24.805914440809147,7.322440266767792
1638639907.130259,36.066013249019065,26.131800768326073,7.624009680177043
1638639907.176185,35.1755927077671,26.944878991396195,8.72264759223592
1638639907.223515,36.272182235922436,28.578759125439664,9.300765069545328
1638639907.270758,36.01727536928686,28.323545727428375,8.840815169571
1638639907.318813,36.465815283057,29.38542951733654,9.77970609570221
1638639907.362755,34.57933931602787,30.38145719721843,11.545471633518483
1638639907.41082,35.19756672163414,29.744210202597976,9.16724397242015
1638639907.458917,34.9346337563159,30.61651680222459,9.652984057434683
1638639907.503155,33.29009708288662,32.896315420879276,12.30617555701683
1638639907.549226,33.990668727878585,31.453593625264457,10.46205428626598
1638639907.596166,33.712393759393684,32.28282553613538,8.7100642885264
1638639907.641346,33.98114834370774,32.640783244246016,8.361447187799104
1638639907.689037,35.11259149493246,34.05596492602316,7.319221817087045
1638639907.734522,34.605698155100015,34.409557426641484,7.58299965513329
1638639907.782221,34.67219542881923,34.48404696376835,7.650127225253488
1638639907.827467,34.55539708867259,33.52251315038779,7.766976701719401
1638639907.879546,34.995256332700606,33.49994819918258,6.61400524793798
1638639907.921968,34.656718931037844,33.84883380977497,6.574065489289143
1638639907.966207,34.38780360194755,36.370341374276606,8.013842770498695
1638639908.014736,34.40642594101296,36.06448520873869,7.824215459703574
1638639908.060994,35.59680680648828,32.797904021965,7.209826845142802
1638639908.107797,35.66386005137832,33.622303346774046,6.814927841172479
1638639908.156314,34.58259535179302,34.346650338045386,7.239166063605604
1638639908.201762,35.48256694215551,32.67226381087997,6.255147908768941
1638639908.249625,35.629235526968884,33.679685977566784,6.974803155753351
1638639908.295908,34.96471768371103,35.713865578291234,7.55094919024843
1638639908.343381,35.77558091763957,33.57641173960802,6.659205658115058
1638639908.387899,34.73855301780077,33.69613275338289,6.798866173832559
1638639908.434416,35.386352566135265,33.81537796090402,6.678201482915051
1638639908.481772,35.75179089025528,34.97145611227226,7.068930969653075
1638639908.528927,35.63784918094765,33.8557026367706,6.074400853801825
1638639908.577138,35.220549644325544,34.50729794521311,7.063359106122291
1638639908.626203,35.526339562172744,35.664774764996366,7.290978507271463
1638639908.672364,36.57802033831167,34.73118232553156,7.437488918580915
1638639908.727921,36.412642962870684,34.14119744013117,6.969452020673442
1638639908.781401,36.04107748506186,35.29559553348964,6.324593927910339
1638639908.826792,36.58223328173901,35.20162098536876,8.045150673323889
1638639908.87467,36.81899278364713,33.11101538493454,7.013583202353449
1638639908.920994,35.5515612503975,35.47214416928068,7.4313689236582885
1638639908.966633,36.68612841686712,33.81291009017338,7.323900007905608
1638639909.014322,35.92328175297177,36.93642152650538,7.765879484829629
1638639909.090005,35.727995943918735,38.530693949220485,9.025984214343005
1638639909.138348,37.242870596092,36.583662141603874,7.511100035289778
1638639909.184426,37.10188359061865,37.81040256286253,8.566526185040608
1638639909.231208,36.03202722732359,36.24039402106742,9.016989926053265
1638639909.278135,36.574875635417435,38.21597169610104,8.238296678537768
1638639909.323926,37.1240652307885,34.46576952763159,7.231296465227059
1638639909.370398,37.48616724329849,36.390545774624016,8.270594355688514
1638639909.418068,37.00472779626253,34.481673304910466,10.593408073771604
1638639909.463016,38.538678441380476,34.16421637696857,6.48556697901375
1638639909.509685,36.913814239405674,35.781322423428456,8.429583844194944
1638639909.558136,37.3549597819354,36.41486778597964,9.534971698436824
1638639909.604833,37.79532353856849,35.13611185011184,9.458538317945676
1638639909.64915,37.314007612317425,35.21797629755804,8.403119228534356
1638639909.697948,36.21169852782392,35.69605775653373,6.312463509016074
1638639909.745261,36.49217009669144,35.1086675945592,7.821042666845543
1638639909.795278,36.96548183562968,34.054020576085506,7.286127999134803
1638639909.838595,37.02288844648864,34.941751727393694,7.486504862573053
1638639909.885873,36.020170712405466,32.80447690216522,8.809443210900858
1638639909.929826,36.39131986934208,35.86858168471939,12.313733616286408
1638639909.976931,35.59545379596073,35.39027071869955,12.771276852681671
1638639910.02436,35.98925606440757,40.84466115407916,17.903630205556077
1638639910.069111,36.63875048953485,34.546622527857544,12.04947492120641
1638639910.116959,36.6010072827664,39.255533105320495,15.417450070146906
1638639910.164465,36.129562664279625,34.640088255719604,13.023456832611393
1638639910.212254,36.869534289627104,36.138740588198296,12.858911843982844
1638639910.25714,37.26872019700574,41.05255656151757,18.272248988278292
1638639910.308337,35.688495675373815,40.4963294193232,18.389570961682125
1638639910.351475,36.71113537107652,39.59568129639613,18.132988817048524
1638639910.398451,36.4944858763843,38.52397417557618,16.07462103862164
1638639910.446725,37.194907183187375,35.97020283531321,14.867583005434465
1638639910.491887,37.96808810013842,35.87962694219711,15.851186839310953
1638639910.537269,37.31400708718519,40.95960984554503,15.6439941084818
1638639910.584959,37.026974366971054,38.83200435313166,17.360884691676144
1638639910.633103,36.68485972537793,44.86435631825605,20.83404995299697
1638639910.67908,36.79581651678503,38.15144589480554,17.101526264343285
1638639910.726722,35.59938788528375,48.48651727069862,26.57614017391165
1638639910.773327,35.28114168740165,48.332816597623186,24.831239770870514
1638639910.820355,33.71551859771203,45.15664402917118,19.226346539926396
1638639910.868445,35.407169638061795,43.25186328147014,18.39343170823685
1638639910.919175,36.18908375645381,42.797374207817775,20.55110527831128
1638639910.96147,35.22426633309965,48.48609132839543,23.53630787225507
1638639911.008134,36.71048966240722,41.06232960126741,16.623447995672116
1638639911.054708,36.13595852301109,42.78867047104323,18.517486141225866
1638639911.100858,34.0673562280487,43.056163919466385,17.527021267726518
1638639911.14716,35.994641473988935,40.038995569838534,17.638536182214303
1638639911.195048,35.438482405111536,42.64962803691605,17.04185511976647
1638639911.242723,36.74877496392296,38.64790150156919,15.931312005811181
1638639911.288119,36.36334842065102,42.88684049502655,18.605451400163897
1638639911.335609,38.199646164664365,38.5361918016604,15.962257134020058
1638639911.381609,35.91666367233313,47.63604000430301,25.31959128191991
1638639911.427984,36.67992281954077,38.15196488874448,15.737352915833267
1638639911.478198,35.78906707596682,48.98974436991157,25.321075174049337
1638639911.52123,36.99844381741926,43.889755005377154,19.296641095700185
1638639911.567211,35.399828186580066,44.868570668467335,20.42510393499735
1638639911.6147,36.700483199886634,39.46502425638587,16.744762086594164
1638639911.661218,36.97789458508556,43.28140691824197,19.234371577492944
1638639911.708135,36.98872196328727,43.00544026529489,18.962935953040855
1638639911.754582,36.88599107064283,47.71593349615296,22.61779378626512
1638639911.802109,36.99536700137902,45.90036415854517,21.187817848850028
1638639911.849878,36.22366148086537,46.17504331615267,18.84848791067285
1638639911.89738,37.4683885872443,43.68736731951777,19.831151579826766
1638639911.944847,37.93097891367368,45.41175593576409,20.054747433789352
1638639911.991549,36.80254273880306,41.18093043959562,17.935035314321212
1638639912.037228,37.32123286749928,47.4755198701367,24.07214450552815
1638639912.089313,36.52584718631183,42.284638634443574,17.174795940874986
1638639912.131811,37.3053218946056,41.969966593565495,16.76482978272098
1638639912.178068,37.76167778762118,43.81929495277158,20.59830132644075
1638639912.223093,35.95056277773882,50.98486177131448,24.543137318518678
1638639912.27072,37.135734393836366,41.20399038584059,17.0153180189452
1638639912.318802,36.376517219539025,47.07641192666492,19.81727855770851
1638639912.365522,38.06380337604084,50.22631058349161,24.66541334141806
1638639912.413425,37.89828416711022,40.42476955989279,15.781388836736562
1638639912.458005,35.286932038669654,39.60194303124574,15.12775068905541
1638639912.504113,35.986080188292576,43.90422840929709,15.974678307109333
1638639912.54912,33.88463481775722,37.869522186431894,10.470421707294522
1638639912.596372,33.53122338742002,38.8742808110504,11.790812553308754
1638639912.641197,31.307861177981685,42.90927902673487,16.76644263070971
1638639912.687924,32.22283041983473,40.33790892265282,11.813365817065176
1638639912.741492,31.996143954473325,43.117510284676364,14.770021297776907
1638639912.780093,32.779256745539335,42.536228744514375,12.401531801620472
1638639912.826749,31.70681763782161,45.964270213563125,18.910723375242323
1638639912.87371,30.758477646316635,48.20903162682267,20.351353356339107
1638639912.92069,31.68469168458357,44.23457684774958,16.734996115579
1638639912.967338,29.885169129741147,48.4859462949653,20.508491086985007
1638639913.014838,29.283999485821628,47.99125419831658,20.39322835126179
1638639913.061803,30.113140108373013,49.621526890771925,19.762542923975012
1638639913.107891,28.231807971392804,49.07716587967481,23.067921139036685
1638639913.157212,31.315712269841672,47.30391383257294,19.256533573226847
1638639913.20151,28.36660666017154,49.78842150267533,21.73937655723197
1638639913.247493,29.05807636060758,50.35800549790971,21.601234918680767
1638639913.298018,29.17339138329109,48.06029827142187,18.56051534696497
1638639913.342765,27.09075136125804,50.375690949507565,19.972019288873764
1638639913.388679,29.927165935417136,47.30189394161552,17.351960760458788
1638639913.43497,27.771760049215008,49.192760525532435,19.16599748292403
1638639913.480323,27.9857422797292,48.49136155308146,19.855822585483487
1638639913.540154,28.005076308549693,48.259712958331306,19.24892731456196
1638639913.58973,28.643031787743844,45.65588817342022,17.20384161415847
1638639913.63565,27.77427666956951,46.46544951835041,18.31047243688143
1638639913.681288,27.40152534363777,47.10771574454087,17.30612203253443
1638639913.729721,26.98195976706399,44.30275587443408,16.122893992943997
1638639913.777358,26.405704455699407,45.981586452627575,18.618191421709536
1638639913.823268,27.316017462145396,43.509695535945745,17.779722928584835
1638639913.868917,25.163658016804035,46.06639327374094,18.965386838063274
1638639913.916486,26.997283463836524,43.955381679922034,18.409108659861833
1638639913.968348,28.541060458304607,42.745371457988,16.570495523668292
1638639914.012463,31.03426437403552,41.06847091970547,12.300404982034841
1638639914.093989,31.76246819566012,40.080867751842476,14.21688610030351
1638639914.135293,28.621215857951164,39.42894149940748,14.145476995036397
1638639914.181841,28.623223511398283,39.11676117177294,15.878880952555546
1638639914.229552,28.98076146583796,36.085830805674796,13.941179480842022
1638639914.275316,28.127927011412027,36.07347684986264,15.591028853806597
1638639914.324238,29.841002148829336,36.82441168566376,15.369643212839282
1638639914.37014,29.236870075833963,36.66447585367396,14.459668403237307
1638639914.416418,28.998559721154603,36.60749439849251,14.058004396289975
1638639914.462503,28.68361532018169,36.20872477783542,15.629649008300653
1638639914.510599,28.005852603216212,36.25017996735491,14.797588384333087
1638639914.556042,27.66267995448584,34.243022906090914,14.978141030159133
1638639914.605399,28.66306407273495,33.445113246758474,14.160920195106454
1638639914.650331,27.09183560219481,31.75771580663583,13.591938044805849
1638639914.707295,29.927795537036136,28.045800628498156,11.12668393297569
1638639914.758739,28.415036813656116,29.44892678923887,11.83352828047926
1638639914.802606,29.723761862755076,25.19655256982893,9.103051371661476
1638639914.869617,28.451048570309872,27.261283498400534,10.505758877472486
1638639914.91374,28.94874656149419,23.622155586717174,9.278079757611147
1638639914.962228,30.42714554285638,22.638168619941176,7.282004693416219
1638639915.008635,28.959170469432262,23.875384740878197,9.400708164431
1638639915.05501,29.91101316570291,21.94603876048551,8.16127243984793
1638639915.107479,30.389015701051488,22.063165571023998,7.782875320593844
1638639915.149776,30.455685926976432,22.732419398341,7.809919562485513
1638639915.194802,29.448781300741356,22.494928628231417,8.661911578052244
1638639915.243431,30.321536006371,22.078603205720345,7.8858722298886565
1638639915.288958,28.98325586749043,22.566867254889647,8.01682511356789
1638639915.335349,29.75126480967623,21.644412710237503,8.403190204589459
1638639915.381525,29.999189848274693,21.84121433332752,7.7842798243760045
1638639915.434765,29.560196912118197,19.60337571876902,6.909486285330479
1638639915.476489,29.82191589544413,19.53054883143599,7.094535689602458
1638639915.521547,29.0433287748013,19.116512136410837,7.393444896911318
1638639915.568385,30.667299690893802,18.680378546983974,6.484832799827191
1638639915.614318,29.14006144566324,19.444123967225867,6.472620050549879
1638639915.663039,29.80043256138522,18.557523997661683,5.462865982184136
1638639915.707683,29.45866065932779,18.49349725037396,6.026422004764909
1638639915.75372,29.86198010194694,18.50330922312812,5.97707522103274
1638639915.801641,28.73329271602043,19.537465337942407,6.493191154932426
1638639915.846718,29.770130817554154,18.312279135007344,5.565254545142499
1638639915.893291,30.099272108911755,18.504252712777145,6.600743996484655
1638639915.941066,30.635161428667924,17.972523223106577,6.326354152061527
1638639915.990358,29.682611425134514,18.52499438363285,6.404678617447767
1638639916.036902,29.50292104562226,17.790085195270716,5.717823995647676
1638639916.084376,29.258833853577684,18.365617975579188,6.081362742614355
1638639916.128755,29.967089149765187,17.68316458649739,5.710782703153583
1638639916.173845,30.53265597033549,17.164766420572423,6.297342009189313
1638639916.220604,30.582589630481635,16.38076515647205,6.477402409311663
1638639916.267116,29.68138770853356,17.15886929257997,6.536257835568678
1638639916.314824,29.48570508608121,17.291855991780082,5.815788143072702
1638639916.361635,30.09126896826362,17.2691797545165,6.09508618779757
1638639916.408468,29.12846484731195,17.0112486603839,5.946882847013512
1638639916.457065,29.15659780778745,16.720757599109284,6.500263337597985
1638639916.502347,29.809867401952463,16.16015249174745,6.122290317782575
1638639916.549216,29.81041226546771,15.363485853627227,5.755109197714393
1638639916.597882,29.10753529454292,16.88520458551337,5.690079253670602
1638639916.642686,27.72876864948671,15.828995791569772,6.468558878473009
1638639916.689432,30.134414273799845,14.974504155821997,5.223590070321219
1638639916.740506,29.312052513202357,14.836975742891445,5.5921410109590735
1638639916.782616,29.816784328888012,14.336578719372735,5.588882628422515
1638639916.829042,30.27441728094723,14.589855146125885,5.201661094402323
1638639916.878237,28.04923188650603,15.389208951406406,5.855301893510332
1638639916.92415,29.252996104385527,14.168912276299555,5.719925052044873
1638639916.97016,29.780745583776326,14.207446334754644,5.371810743513107
1638639917.016206,28.38208707390518,14.971196104964541,5.6317668998346235
1638639917.062145,28.48519937544484,14.312366029562897,5.106018278609978
1638639917.107325,29.006040452811988,14.579040004367345,5.214791057481104
1638639917.156815,29.56395417958152,13.492444227209003,5.217381805950513
1638639917.204165,29.18196827382408,14.012043849324725,5.233841547921337
1638639917.249544,28.722609844583452,13.804214816686546,4.9278176818611374
1638639917.296149,28.757637877225083,14.373964855793517,5.628749595787704
1638639917.342278,28.51464728258018,14.07768157217628,4.959112829648125
1638639917.387608,28.055453310871794,12.968069724175237,5.2058467031464986
1638639917.433979,28.17787618080369,13.099262101084069,5.200577046541547
1638639917.482121,28.57300349663586,12.471503330500443,5.187987655761444
1638639917.528887,27.831027848838755,12.088829536668499,4.717214061885999
1638639917.575888,28.136907340791556,13.08322525016496,5.6480640091010335
1638639917.62222,27.698685619236073,12.64814880579092,4.83688455230112
1638639917.667853,27.217519125570057,13.042386689234592,5.014826207036299
1638639917.715545,28.916820431405696,12.001049402348281,4.326761677053101
1638639917.762029,29.31353930968044,11.310881565959939,4.0667346962587105
1638639917.808052,26.785326910444503,12.218427294055333,4.8658041160716445
1638639917.853902,27.38602327240866,12.067718537490679,4.857354368668195
1638639917.899026,28.274382038178647,11.782081441104038,4.5744933771248535
1638639917.944868,27.834705457016323,12.911270629356515,5.440606605317634
1638639917.990775,28.232943246122503,11.781813556050043,4.665083044284901
1638639918.037206,28.60598821381802,11.922628964513159,4.8165034843582015
1638639918.083905,26.56047858885789,12.200949695258675,5.095860429528384
1638639918.132636,28.194546367235596,12.296518278768293,4.326959256578074
1638639918.180004,27.10401902155525,12.285991694126471,4.690508871646606
1638639918.223812,27.56087936898782,12.466633403531004,5.355387037789298
1638639918.271054,27.490646360005385,11.997855574179681,4.7270100458851045
1638639918.321893,28.69591080235005,11.547127105610961,4.556761284786519
1638639918.366599,28.524630299277607,11.554074191696158,4.50394548963875
1638639918.41315,27.51526735464474,11.029794893719126,4.539366882105584
1638639918.463377,27.269695673556193,11.094090891158244,4.596028856130449
1638639918.508366,27.849953213886245,12.038567500298761,4.714419890389751
1638639918.554413,27.948905442075127,10.821387821328843,4.5315501629376485
1638639918.600551,27.22229062752007,11.994584032876828,5.207168421132379
1638639918.645973,28.703339713533754,11.325075035149228,4.521897400222166
1638639918.693859,28.22939568285317,11.487004487469841,4.886406925424412
1638639918.755667,27.67395326913272,10.982959035931854,4.459501379427438
1638639918.804925,28.164240453296152,10.997693217003274,4.940445066584562
1638639918.850803,27.505883845482018,12.00677363864387,4.550722634410815
1638639918.897308,27.03608012281041,11.597529031426287,4.708446759483983
1638639918.945961,28.847673903719603,11.11038518386354,3.9600276458237036
1638639918.991604,27.454269834210876,11.136651855413398,4.888187674330652
1638639919.037062,28.589856105022225,10.614054412487485,3.5545259799425635
1638639919.083962,27.457262277450702,11.650433550596913,4.223417577369851
1638639919.133277,27.247486885118334,11.47468839436702,3.876516280719145
1638639919.180564,27.374845851975103,11.199959986828242,4.818086398432936
1638639919.226604,29.128649620011938,9.955529660659039,3.3675740050366905
1638639919.273395,27.382306573870693,10.571323618496354,4.220220022533612
1638639919.32407,29.313397719212062,10.446904495438378,4.4214131444898905
1638639919.369946,27.80188869820427,10.656629117265508,4.140713167405857
1638639919.416233,26.56639385024176,11.379395396759092,5.391744695277495
1638639919.460855,28.216934184926036,10.451160225406943,3.5062536473608104
1638639919.509142,27.89098507485047,10.525814231286581,3.799090259436961
1638639919.55544,27.71410588374618,11.187502413006765,4.381141974770601
1638639919.602286,27.447309192414757,11.129637645937764,4.770602383800763
1638639919.669234,26.947473054622517,11.157755352435336,4.373507443072592
1638639919.710473,27.822831879942665,9.79446357145316,3.6378521069098038
1638639919.757655,27.94131203308552,9.884470631328659,3.2125331630242187
1638639919.804414,27.852407326753685,9.403487661058112,3.8207748752907778
1638639919.851587,27.039767209057274,9.619858658398313,3.95045621122427
1638639919.896779,26.65882081593252,9.86519426071476,4.037553553990548
1638639919.945363,26.018569325363103,9.963148363685953,4.204723922443821
1638639919.990429,26.257249300729953,8.918456962215943,4.404709549099602
1638639920.035736,25.437318693305247,9.518211432507085,3.8821199524520527
1638639920.083613,26.4849551583246,8.86019111170921,4.595160070596529
1638639920.129601,25.21686508805164,9.079300268920715,3.6319288353614314
1638639920.176185,25.31715841145081,8.445584095037425,3.9504475953861875
1638639920.225092,25.66535526687074,8.55497364049844,3.5467655655953965
1638639920.269794,24.35140389776968,8.210824975749704,3.950541826736699
1638639920.317724,24.794543196816072,8.383353913909495,3.5210621771812924
1638639920.363669,24.584165773164987,8.042493606741933,3.7526315551589837
1638639920.409307,23.25525593734659,7.0447698248859725,4.07131329883264
1638639920.455673,24.66786783451518,6.422426079440731,3.263300678257809
1638639920.50143,24.615719731170667,5.28160882696589,3.1278747378966054
1638639920.549245,24.139296867669085,5.598482273366649,2.878481735918554
1638639920.596522,23.381206588126968,5.971367119172589,3.2059495368780215
1638639920.641144,24.34965952883331,6.412779484574519,3.1688337880417508
1638639920.686787,23.735935814560786,4.909413147801866,3.130162314771374
1638639920.73501,22.51980102418569,6.113518557228444,3.986832000164472
1638639920.781391,23.772480203935864,4.9618081308372695,3.3226566075478536
1638639920.829845,22.11266898799073,4.467966416061551,3.875501213531063
1638639920.874779,21.59273323762246,4.4436392145064785,3.467471467579953
1638639920.923237,20.94037939484456,3.2770332268592366,3.301322388643123
1638639920.967075,21.39589155391997,2.5145494743845997,2.7630994160280458
1638639921.0144,21.46974837387997,3.0989826289187348,2.5743881745999104
1638639921.060177,21.29693179967487,2.5172118713223037,3.055820911109322
1638639921.10783,21.104229048933608,3.3526084628539667,3.4089461428522765
1638639921.156142,22.213867281138665,2.075312960454592,2.7406344147455095
1638639921.2034,21.562179848092704,3.3471373919923795,2.9152774124025678
1638639921.249452,21.533441168873974,2.617032716247393,3.1136993034201246
1638639921.293838,20.11540301404532,3.4118715352942575,3.0813318007961823
1638639921.342806,20.587587086502303,3.855319613715698,3.2325303897257243
1638639921.391535,20.9826819105388,2.607348969789203,3.682959052718972
1638639921.435452,19.81989709552098,3.090549370963165,4.010156974629918
1638639921.483661,20.13100621488959,3.4236746656366677,3.1362254715688853
1638639921.528567,20.486042740386672,2.904664183451765,3.2385430088889424
1638639921.574524,20.224213969382692,3.257264872643798,3.003065269521397
1638639921.622522,20.254464927018454,3.8345810073151814,3.2328360091227353
1638639921.669123,20.159355459130893,4.097939979823361,3.9398889919325293
1638639921.715695,20.458545259025747,2.7007704194014823,3.2263339456941598
1638639921.763741,20.29432416818951,2.754090823708608,3.3464693175028324
1638639921.816156,19.513098588143194,3.2734451804195115,3.6115549834235385
1638639921.858672,19.59857636053157,3.3192410379297206,3.8964840906478866
1638639921.904804,19.14478232531096,3.5381252611778096,3.979145946567746
1638639921.951181,19.197138407973156,3.0889559676387384,3.830821835620411
1638639921.999985,18.547584964010213,4.05370053141768,3.442551056178375
1638639922.04505,18.62078799489542,3.9967203293425344,3.7152541492432962
1638639922.092396,18.52499769553917,4.109601129321801,3.6276262235545316
1638639922.14207,17.823526365249627,4.069292367402401,3.94991600906063
1638639922.188959,17.71779550789978,3.625222161829128,4.754189543620168
1638639922.231217,18.011624101859606,3.7351546322190337,3.5966883912393537
1638639922.278894,18.09960002581882,3.140734906541785,3.9871335002951116
1638639922.326186,16.258309107195146,4.598246314912366,3.9226163203016786
1638639922.372184,15.71730570368134,3.9816550286189742,3.4259077970152174
1638639922.418361,13.99838762718676,4.9950609458161965,4.1451448484123254
1638639922.465503,15.672540056157834,4.039162648767859,2.752331313009842
1638639922.513525,15.833689974384482,3.994906950837629,3.3525028135303376
1638639922.557147,14.712450920440572,4.621133218881898,3.8902343510796875
1638639922.604575,15.315357016575437,4.524650197551909,3.7829815626866776
1638639922.651644,15.05200559704869,4.098598153738708,4.293901206639553
1638639922.697682,15.678005615207772,3.5207223868795987,2.809066541703624
1638639922.744176,16.22981400787739,4.4632789817890774,3.921237355858406
1638639922.791203,14.72761213241049,4.170362178552369,4.319553988596577
1638639922.837761,14.473709394594133,5.016731737468772,3.575511959856068
1638639922.885469,13.701289866694976,5.233334709138677,3.324980880613873
1638639922.930453,14.898139628506662,4.045056909226182,3.62637143348559
1638639922.979573,14.406072036300186,3.793059452224836,3.782009888014243
1638639923.025889,12.567005408293275,4.623851180141915,3.46673659996922
1638639923.07016,11.966269014425071,3.7807091433464186,4.147838143320899
1638639923.120729,11.153825880668832,4.553071296180132,4.941400122845914
1638639923.163291,11.282897973887053,3.7445295056740915,5.116682805440036
1638639923.20965,8.517903590627284,5.173101242177844,6.413492093616263
1638639923.255773,8.866397736157625,4.67373333631477,6.651475453679407
1638639923.30742,7.683977381014818,3.681462313737303,5.351988593996745
1638639923.349282,7.395553692730115,3.3285844017639237,4.979377608099279
1638639923.39617,6.149772006102218,3.026033471547852,5.365592741358285
1638639923.441914,7.330935143724719,1.9278390216262085,6.019588960557602
1638639923.488537,6.359144701944195,0.5226912662590962,5.463679028496255
1638639923.538637,4.31653032116111,0.5820981617108778,7.1524923487150565
1638639923.58185,5.826325627587929,1.1128339369291769,5.261333174372426
1638639923.626597,5.090420702543348,0.4293535077998683,7.753344004378958
1638639923.673141,4.777547060698624,0.7522574373610427,5.2460988228764345
1638639923.71982,3.7437083429439615,0.857053122090958,6.0233375553762425
1638639923.768066,2.9078695273135975,3.024779257842004,8.468563367457014
1638639923.8134,1.692656143664809,3.403483429264086,6.955151000237123
1638639923.863838,1.213573698731254,3.883737965480807,7.268855252785366
1638639923.907889,0.24705066722685615,3.9461967016314574,7.406034056081459
1638639923.954771,0.1491790107309208,3.6317161939985634,7.565393454393861
1638639924.002759,1.926671576100201,2.7324503872615646,7.221411747380741
1638639924.048636,0.6972004093515547,2.8771170874044345,6.94414145521077
1638639924.09326,2.3640030019337064,2.3668355487135004,6.814644865245204
1638639924.138814,1.5732505156794696,3.529458346374658,6.141390212304438
1638639924.18622,1.818861731545091,3.600381961235161,7.784884530149439
1638639924.232573,2.680306146650719,4.106859051349892,6.316838460942339
1638639924.278595,2.6493432435352444,4.947536182646131,6.874873742390792
1638639924.327366,2.7225077988713355,4.566332016409741,6.036825222152904
1638639924.372531,2.067601452487361,5.358303554473447,5.574989862881423
1638639924.420154,3.7772275189180022,5.264588484533899,5.941717476783713
1638639924.466342,2.165098214305861,6.378402255075301,5.889544728398913
1638639924.516735,3.772218272445351,5.579975144644422,6.756609779858781
1638639924.560973,1.2530593764453057,6.380661489810835,6.369338250160431
1638639924.60771,4.104219119530091,6.355775435839083,5.954441047242561
1638639924.653651,2.07295787921808,6.562041640956484,3.3357025059295573
1638639924.702445,4.608980184336787,7.487023432278349,5.740453996830195
1638639924.748261,3.077835497050805,7.428671686861809,6.024018981463644
1638639924.793057,6.663593905660975,7.23032942155522,6.336760746164848
1638639924.841821,1.883895148149928,7.456416840288037,6.226714770580389
1638639924.887413,4.814574975533488,5.844231755742514,6.510296288041143
1638639924.933496,2.6704475021556924,7.459758335689315,6.4568061123572305
1638639924.979174,3.0155295373574185,7.665357625062153,5.810539975511261
1638639925.026134,4.441511990930943,7.745644338300138,6.156960032110525
1638639925.0729,4.6061063906926645,7.433099100947275,6.213668346877089
1638639925.12032,4.018569736547999,7.944376403804976,5.756656548074354
1638639925.169033,6.1326294145092985,6.62539622535547,5.331838997367343
1638639925.215456,3.920950219808818,8.840256164847114,5.467185553868205
1638639925.262475,5.555668493868774,7.815812860400943,5.95804030622871
1638639925.30895,5.455982224314286,6.438187593885872,5.451990761445872
1638639925.354194,4.674091790848253,7.40281704661027,4.984253465687962
1638639925.405561,5.062616643174276,7.800520585914435,5.314820137562837
1638639925.450706,6.119439152215313,8.085519535476308,5.5573880192821274
1638639925.508517,7.077601144323142,7.214742002258457,5.354909487944809
1638639925.55642,5.219930211596603,7.992731272035749,4.97879804545955
1638639925.603279,5.507256101636022,8.355971245651904,5.024682252245576
1638639925.651204,3.5961249594758136,7.4059997835894995,4.780982892136612
1638639925.697733,6.727558404259649,9.406162833134893,7.465564374195657
1638639925.745691,3.2560383785176765,8.015357318755276,4.609693059737424
1638639925.792853,6.809117534833878,7.810193258038111,6.972673009748108
1638639925.840242,3.8058439150890373,7.471385896418029,4.6893720726153285
1638639925.883848,6.169470116862709,7.392170747316276,6.2298919694164585
1638639925.94147,4.7232447129533615,7.8318120996820015,5.1201808558215145
1638639925.99464,5.3561189670833675,7.974237560322009,6.447658243641799
1638639926.04118,5.7623540413990275,7.216125021052856,6.062232033389291
1638639926.087659,5.69151259075213,7.504272570715535,6.277139395274603
1638639926.13437,5.08433997952213,7.941325209884557,5.369687185464627
1638639926.179689,6.045799002806137,7.594576050043801,5.780563966073814
1638639926.228046,4.737507400972972,7.7173015351834975,5.709155634377921
1638639926.276212,7.878014993336998,7.795119888133178,6.967027328832479
1638639926.322285,2.7309076741485283,8.29607353042597,4.951667897543615
1638639926.367264,6.399425279973194,8.389875396644413,7.675578195645121
1638639926.415433,5.656906876603931,6.880484183222723,5.682788296577698
1638639926.46086,5.197613069230233,6.50136588891654,6.928992556576947
1638639926.507058,5.158313536270929,7.309429071165853,6.059824004221661
1638639926.554785,4.926771600660182,7.712815295571075,6.340155166470057
1638639926.602353,5.133934456039992,7.061362397204821,6.2873677330186934
1638639926.647918,6.512948696257696,7.533098550731405,6.0254231610923705
1638639926.69488,4.834583063931846,8.011073589365946,5.420186348115108
1638639926.742391,6.770946036435838,7.002749244441945,7.468224243075431
1638639926.78894,5.9352236349795735,6.95158882098755,6.297229783432333
1638639926.834085,4.396646472944479,7.367967762748847,5.942317659723237
1638639926.882439,6.750493026441763,7.346084857024162,6.108413627341161
1638639926.927933,6.028244865284368,8.218896855676693,6.017289940455382
1638639926.97502,4.861153878018922,8.116149488020843,6.411937051513348
1638639927.01996,4.4800849572298596,7.736495826369765,6.010176746091222
1638639927.067875,5.868353890012605,7.55069639033215,6.242776168450944
1638639927.115013,4.939156520599013,7.646495285493504,7.550449605660363
1638639927.163914,5.461740755116674,7.545054467523887,7.972427749796485
1638639927.209526,5.957604541681108,7.503856591131047,7.174891169504776
1638639927.254873,4.498673576804539,7.565246041925698,5.9334747919805695
1638639927.302029,7.431767320879998,7.86554635813547,7.474051155201168
1638639927.347845,4.255170200864178,7.886925872882388,4.8182666109170365
1638639927.395428,3.5772509940466723,7.756023013931602,5.759105579378824
1638639927.44508,5.598733480823993,6.574368854135197,7.361472901146591
1638639927.491229,6.087844010094302,6.18706729138742,8.694465759872873
1638639927.540715,5.360036854319381,5.9960315842005665,6.430228780584926
1638639927.581911,4.8748218685127,6.059773835910325,7.707685245884519
1638639927.630307,5.1709238383801335,5.3010627102319114,8.209319783444538
1638639927.676457,4.039970515097464,5.955052395244364,7.869466949484705
1638639927.721106,3.878952135114674,6.149369280227792,7.346107388950915
1638639927.767292,3.9084694349929014,6.077077233645616,8.280050361098668
1638639927.814292,3.016967734706566,6.980194105288006,7.119132446937945
1638639927.860163,4.782289467861076,6.309554419727163,8.261915563495638
1638639927.907909,4.130199755363045,5.750980376457494,7.805785707900998
1638639927.953531,3.7135952416071714,5.763110568371838,8.082299367413809
1638639928.001601,4.774256997018609,7.1872119680713435,9.712067972225258
1638639928.04646,3.861003662619001,5.412455941192961,5.674609403478925
1638639928.092625,4.176092929588376,5.448491545339401,7.76938754102563
1638639928.139845,2.7667881134210677,6.856277933166382,8.828860693388298
1638639928.184969,2.362979922104029,5.081109115901467,8.161134212847177
1638639928.231227,3.341519095567189,4.339471027498733,9.109151722711214
1638639928.279354,1.7230910400104376,6.128991958372871,8.855961285259873
1638639928.325971,3.214726466176313,4.204546692148472,9.008406775486556
1638639928.376302,1.2310838304066554,6.169438523631455,8.569212365785612
1638639928.421131,1.0697463436122376,3.7293325352047018,7.213593979608519
1638639928.468508,1.2709672791310185,3.1923579673543854,8.27265944637735
1638639928.515,0.38508086444769035,4.588905368748288,8.435178206001066
1638639928.561974,0.08710263610606217,1.8910929930575928,7.009221999816294
1638639928.608642,1.9761175307659369,4.718170576935041,6.524134036694157
1638639928.655965,0.46300882090219325,3.3206919407452853,6.61268660719735
1638639928.704622,0.546635932758116,1.07264793125478,5.9763860797713635
1638639928.751561,0.647959975663776,2.9796465096449687,7.866973853543238
1638639928.79986,3.1815711001165377,2.1663732971778096,7.00600635014596
1638639928.844403,2.1325915586501774,1.5441495527142415,6.95763120021128
1638639928.89228,5.159408605566646,1.5884356271246896,6.274848226255057
1638639928.938142,3.5786486373716957,0.10039353523813853,6.678843014025967
1638639928.980997,4.720072752937191,0.5530502807733452,6.91607199853622
1638639929.027473,6.016606794301553,0.028498889369637202,6.574124972506499
1638639929.07632,6.771245803637849,0.35920170391376793,7.490433755814418
1638639929.12141,7.3644394828918465,1.0344740993592454,5.886476062983162
1638639929.17009,5.801868044092432,1.729864672692798,7.968609793147705
1638639929.216901,5.909344584861248,0.6689820652784598,6.454364833770159
1638639929.262819,8.140600716577103,1.6027083405670925,6.303200448311143
1638639929.310032,7.801994216241605,2.394568905744578,6.2867811075751066
1638639929.358111,9.914597727477279,1.8436459055435508,6.563311642894646
1638639929.402452,8.8278097202803,2.634897491293303,6.333234236934903
1638639929.451295,9.000841705045339,3.6638350832528097,5.316074521071848
1638639929.500286,9.856090493704796,3.6311865552237905,6.7274504640799275
1638639929.54347,9.76033371181958,3.832994840029031,4.856452553755317
1638639929.589766,9.726646279357526,4.545496660357448,6.526640060232008
1638639929.63598,9.013223632031654,4.870432991114495,6.576299436999328
1638639929.684756,10.490551021397525,5.810221798831974,5.601852570764533
1638639929.729601,10.47822220848442,5.613662749789167,5.7251024475088075
1638639929.776382,10.329008436111012,4.889637680766827,6.277603874059444
1638639929.824596,11.742860697842561,3.666421222142943,5.271788279541469
1638639929.869868,11.580064963779842,4.283330219683453,4.724034318719247
1638639929.91758,12.15860432743462,4.451165764095662,4.809903789941722
1638639929.966581,11.90451843149644,3.4149071123321946,5.361428167193784
1638639930.012243,12.168587107400013,4.770422398047356,5.404661151959384
1638639930.059005,13.408333312187997,3.58951080479345,4.994143083725534
1638639930.10506,12.775436904315649,4.555549420404522,4.589278480817063
1638639930.150098,13.186065008783636,5.066839358484365,4.484132509029599
1638639930.198938,13.956896775764157,4.949479771898406,4.873778893679181
1638639930.245037,14.694797440032124,4.140800690377303,3.645429464967494
1638639930.290733,14.021566171433674,4.2196660697079516,4.914045685401986
1638639930.338719,14.482637422072994,5.225238701570549,4.500579495981872
1638639930.3822,14.122649975118225,4.357054821991278,4.529648233824748
1638639930.434875,14.206560719954494,5.524898170547823,4.220002840218322
1638639930.475807,14.177529031235716,4.91488949559906,4.253555946533685
1638639930.528468,15.41245514169858,4.947462336350379,3.6811384821871442
1638639930.571152,14.801305195614242,5.404987932150132,4.317068363522086
1638639930.618707,16.404778061073095,4.542539234176536,4.161906053257072
1638639930.664116,16.390552995701018,4.824337899385094,5.17041882261945
1638639930.711544,16.75401908455292,3.8439342200105613,5.455387946057973
1638639930.758069,17.3466056418554,4.611221951882075,4.353141144103227
1638639930.805133,17.90330005312485,5.376416617634206,5.305704748456574
1638639930.854643,18.26319493002758,6.075933612932492,3.943550395423003
1638639930.901969,19.32961575420951,5.909819103275843,4.589389332315324
1638639930.948239,19.797939359320793,5.595752507891355,4.449126384513451
1638639930.997129,18.798333309155222,6.342316582491302,5.170167879905306
1638639931.040634,18.336823792741004,7.176177479954651,5.439873883307285
1638639931.088006,19.40056215774653,6.90247263056132,5.386339272661007
1638639931.134823,19.209357690981637,5.938425568486327,5.14996365774379
1638639931.191973,19.519682881075042,6.76530369524762,5.219389118920245
1638639931.241848,20.527823365912024,6.937031472271138,4.415541921816987
1638639931.287225,21.139535669874647,7.85046703805895,4.91568214043532
1638639931.339489,20.956693914576995,8.763477075690224,5.677425516692011
1638639931.381184,20.28912405779963,9.329202025205834,6.0754243796181475
1638639931.427558,21.597539768443472,9.248662789790998,5.009189491277094
1638639931.4761,22.053951132054372,9.265354399335676,5.223390231035594
1638639931.524168,22.739452768752685,9.746105680979163,5.813012257621787
1638639931.570374,22.96482347653218,8.709799828414868,5.471402115255335
1638639931.617522,23.383679961234336,9.369961275906386,4.543927914753406
1638639931.663973,23.869021670603946,9.648299772022458,4.319166275428625
1638639931.709463,25.279943009850317,8.873934407533149,3.828981332873334
1638639931.757855,25.447027660566384,9.616211795336836,4.62273935501113
1638639931.802917,25.498499137139298,10.044837382340464,3.858197538223082
1638639931.84916,25.988461388257594,10.123463887553896,2.9266940574588896
1638639931.895356,25.855222041474406,10.15916856475254,4.563193559257052
1638639931.944605,25.408158222500237,10.675347798948073,4.220250132499787
1638639931.993355,26.515581426621207,10.677224828272482,5.460859109333588
1638639932.036912,25.968723222535587,11.3397717604084,4.181427702386166
1638639932.083577,26.35545697294587,10.577136308171957,4.6446716399007
1638639932.14058,26.971097652486797,10.140639851434717,3.9335051164259265
1638639932.200706,26.88555597202372,11.145818412502821,4.418607426483822
1638639932.242767,27.150540428325247,11.264187014056871,4.089879376164235
1638639932.288638,26.31686524137104,11.592508901131348,4.719906344656302
1638639932.333969,28.068680187178934,10.740368280267454,3.3024401405068726
1638639932.383121,28.206516510218574,11.644911010074319,3.94982141775597
1638639932.429693,27.651296914333297,11.781655573155462,4.652299784904518
1638639932.473707,27.853060812434943,11.348090125959764,4.247312643830036
1638639932.520659,27.138473673284537,12.715575580965497,4.7546961726123715
1638639932.566566,27.692039251986436,13.087906333474725,4.828484542782913
1638639932.613094,27.44081844186075,12.824892483061669,4.564070303694128
1638639932.658988,26.914455767336644,12.586997998713958,5.049562522348583
1638639932.705552,27.08722573061197,13.376271983074712,4.806272528056754
1638639932.751161,26.625720594284093,13.222369942453515,5.213792225884978
1638639932.800021,29.293583707205137,13.627548189832675,4.4592341018305435
1638639932.845004,27.534043213748568,14.18283896407087,5.086527414061945
1638639932.888931,27.072309540474908,14.247691234640882,6.2163810298424105
1638639932.938435,28.246493827179826,14.601338908677986,5.207196278712956
1638639932.984208,29.82638793604399,13.995558050111217,5.061027763925558
